{
  "benchmark_date": "2026-01-12",
  "dictionary_size_bytes": 2169,
  "samples": {
    "code_small": 371,
    "code_large": 3710,
    "json_small": 315,
    "json_large": 3150,
    "markdown_small": 512,
    "markdown_large": 5120,
    "mixed": 1198
  },
  "results": {
    "zstd-dict (Compact v4)": {
      "avg_compression_ratio": 96.9351020887613,
      "avg_compress_time_us": 9.190274535545282,
      "avg_decompress_time_us": 0.6248509245259422
    },
    "brotli-11": {
      "avg_compression_ratio": 66.94972698812596,
      "avg_compress_time_us": 821.0120223728674,
      "avg_decompress_time_us": 7.196246380252497
    },
    "zstd-19": {
      "avg_compression_ratio": 60.65923330828365,
      "avg_compress_time_us": 39.60700373032263,
      "avg_decompress_time_us": 2.4344106870038167
    },
    "brotli-4": {
      "avg_compression_ratio": 61.79727679187481,
      "avg_compress_time_us": 35.160587036183905,
      "avg_decompress_time_us": 6.214150094560215
    },
    "zstd-3": {
      "avg_compression_ratio": 59.5560054980265,
      "avg_compress_time_us": 7.113408563392503,
      "avg_decompress_time_us": 4.244286433926651
    },
    "gzip": {
      "avg_compression_ratio": 59.39781956432695,
      "avg_compress_time_us": 26.392883488110133,
      "avg_decompress_time_us": 10.72038763335773
    },
    "lz4": {
      "avg_compression_ratio": 45.35214183724093,
      "avg_compress_time_us": 3.946279840809958,
      "avg_decompress_time_us": 2.59544633861099
    }
  }
}